"title","string_list_data__href","string_list_data__value","Date"
"","https://www.instagram.com/kaizenzv","kaizenzv","1757679324"
"","https://www.instagram.com/aezaakmee","aezaakmee","1757305976"
"","https://www.instagram.com/thecamizproject","thecamizproject","1757260580"
"","https://www.instagram.com/lyfissweet","lyfissweet","1757256419"
"","https://www.instagram.com/gregeee175","gregeee175","1756656663"
"","https://www.instagram.com/__malonzo","__malonzo","1756209766"
"","https://www.instagram.com/204_collections","204_collections","1755854018"
"","https://www.instagram.com/joulessies_","joulessies_","1755764626"
"","https://www.instagram.com/saisxdos","saisxdos","1755659550"
"","https://www.instagram.com/sjrn_14","sjrn_14","1754922827"
"","https://www.instagram.com/crada_ytor","crada_ytor","1754646887"
"","https://www.instagram.com/peterj3rk3r","peterj3rk3r","1754560033"
"","https://www.instagram.com/sny.mri","sny.mri","1753984065"
"","https://www.instagram.com/akilrnz_","akilrnz_","1753707267"
"","https://www.instagram.com/_pablo6270","_pablo6270","1753691604"
"","https://www.instagram.com/leewe_iyung","leewe_iyung","1752515479"
"","https://www.instagram.com/hirohitohanzo","hirohitohanzo","1752515459"
"","https://www.instagram.com/jomarrosas","jomarrosas","1751944491"
"","https://www.instagram.com/gogregowgo","gogregowgo","1751944478"
"","https://www.instagram.com/kurtmartinc.soliven","kurtmartinc.soliven","1750877324"
"","https://www.instagram.com/bakedbyashii_","bakedbyashii_","1749835224"
"","https://www.instagram.com/ac.filmsx","ac.filmsx","1749528471"
"","https://www.instagram.com/jc_sh4llow","jc_sh4llow","1748862968"
"","https://www.instagram.com/dhillana","dhillana","1747910029"
"","https://www.instagram.com/donot.deesturb","donot.deesturb","1747645908"
"","https://www.instagram.com/dreizhh_","dreizhh_","1747230914"
"","https://www.instagram.com/bushlester","bushlester","1747148624"
"","https://www.instagram.com/_itszeeeel","_itszeeeel","1747103019"
"","https://www.instagram.com/ddavmboi","ddavmboi","1747103018"
"","https://www.instagram.com/ckylscrz","ckylscrz","1747066458"
"","https://www.instagram.com/incgnto01","incgnto01","1747066196"
"","https://www.instagram.com/chavicii_","chavicii_","1747066194"
"","https://www.instagram.com/jim_mingming","jim_mingming","1747066192"
"","https://www.instagram.com/ar.ki_el","ar.ki_el","1747066191"
"","https://www.instagram.com/i_am_henry.azumi","i_am_henry.azumi","1747066186"
"","https://www.instagram.com/josefrealjohn20","josefrealjohn20","1746159180"
"","https://www.instagram.com/rou6h","rou6h","1745995258"
"","https://www.instagram.com/siosonkylie","siosonkylie","1745935626"
"","https://www.instagram.com/kattampuss","kattampuss","1745878673"
"","https://www.instagram.com/patcuvs_","patcuvs_","1745598490"
"","https://www.instagram.com/jaaaaaafaaaar","jaaaaaafaaaar","1745556157"
"","https://www.instagram.com/paullppp","paullppp","1745556156"
"","https://www.instagram.com/jonathanangeles_12","jonathanangeles_12","1744781778"
"","https://www.instagram.com/ayvantlopez","ayvantlopez","1744471817"
"","https://www.instagram.com/pvgeronimo15","pvgeronimo15","1744172402"
"","https://www.instagram.com/estltn.m","estltn.m","1744172399"
"","https://www.instagram.com/jarlrobelo","jarlrobelo","1744127628"
"","https://www.instagram.com/xfjhyfg","xfjhyfg","1744069597"
"","https://www.instagram.com/aquinolexter","aquinolexter","1743825366"
"","https://www.instagram.com/lcdmelgarejo","lcdmelgarejo","1743774887"
"","https://www.instagram.com/plngdmp","plngdmp","1741657013"
"","https://www.instagram.com/ch3ss_nut","ch3ss_nut","1741096841"
"","https://www.instagram.com/p_braganza","p_braganza","1741005299"
"","https://www.instagram.com/denzillegarde","denzillegarde","1740958044"
"","https://www.instagram.com/ru_weyn","ru_weyn","1740917448"
"","https://www.instagram.com/rd_frnl","rd_frnl","1740613642"
"","https://www.instagram.com/jomsssantos","jomsssantos","1740578198"
"","https://www.instagram.com/iblamefranze","iblamefranze","1740570049"
"","https://www.instagram.com/chrlmtthwpn","chrlmtthwpn","1740564084"
"","https://www.instagram.com/pal3ng_","pal3ng_","1739112954"
"","https://www.instagram.com/yurbaekelly","yurbaekelly","1739027863"
"","https://www.instagram.com/its.zoku","its.zoku","1738834797"
"","https://www.instagram.com/gerimiah_p","gerimiah_p","1738671066"
"","https://www.instagram.com/mainemercdo","mainemercdo","1737953599"
"","https://www.instagram.com/theycallme.xera","theycallme.xera","1736150609"
"","https://www.instagram.com/rgrgpn","rgrgpn","1736139534"
"","https://www.instagram.com/lead.js","lead.js","1736013909"
"","https://www.instagram.com/_iantillion_","_iantillion_","1735715459"
"","https://www.instagram.com/wallisgoughxy5","wallisgoughxy5","1735198436"
"","https://www.instagram.com/clay_ali.j5","clay_ali.j5","1735198219"
"","https://www.instagram.com/jan09.o5928","jan09.o5928","1735197973"
"","https://www.instagram.com/_____reedblake4tzf7","_____reedblake4tzf7","1735197757"
"","https://www.instagram.com/carr__r5y292591996","carr__r5y292591996","1735197695"
"","https://www.instagram.com/wynne_____norman_1d980","wynne_____norman_1d980","1735197660"
"","https://www.instagram.com/sunnyw7br664212","sunnyw7br664212","1735197578"
"","https://www.instagram.com/terimortonpwms","terimortonpwms","1735197535"
"","https://www.instagram.com/claymilesrt.c","claymilesrt.c","1735197497"
"","https://www.instagram.com/dalev.n2a91948992","dalev.n2a91948992","1735197486"
"","https://www.instagram.com/powellk.2p","powellk.2p","1735197474"
"","https://www.instagram.com/barber9fx763851","barber9fx763851","1735197202"
"","https://www.instagram.com/alexiscoatesdy.5","alexiscoatesdy.5","1735197025"
"","https://www.instagram.com/avery_____bishopym35v","avery_____bishopym35v","1735196893"
"","https://www.instagram.com/andywattssw8z","andywattssw8z","1735196880"
"","https://www.instagram.com/andie.allen36p0c","andie.allen36p0c","1735196703"
"","https://www.instagram.com/rudyy65r2815788","rudyy65r2815788","1735196642"
"","https://www.instagram.com/_____forbesfax.__","_____forbesfax.__","1735196516"
"","https://www.instagram.com/ore3._9744626","ore3._9744626","1735196514"
"","https://www.instagram.com/_____finn.connor.xj63","_____finn.connor.xj63","1735196512"
"","https://www.instagram.com/_.hale7r4fg","_.hale7r4fg","1735196455"
"","https://www.instagram.com/brady3b.83447","brady3b.83447","1735196443"
"","https://www.instagram.com/mason_____mckay2o1ax","mason_____mckay2o1ax","1735196229"
"","https://www.instagram.com/keeganfishertovz","keeganfishertovz","1735195987"
"","https://www.instagram.com/maykq6pp1423151539","maykq6pp1423151539","1735195946"
"","https://www.instagram.com/aspen.spence_.xg.s","aspen.spence_.xg.s","1735195685"
"","https://www.instagram.com/rioquinn_o.2y","rioquinn_o.2y","1735195612"
"","https://www.instagram.com/finnhiltonhsn7x","finnhiltonhsn7x","1735195507"
"","https://www.instagram.com/everdobson_f2v","everdobson_f2v","1735195235"
"","https://www.instagram.com/ashleyharvey_c5zn.__","ashleyharvey_c5zn.__","1735195195"
"","https://www.instagram.com/abbottw528396","abbottw528396","1735195156"
"","https://www.instagram.com/sawyervfa7t","sawyervfa7t","1735194994"
"","https://www.instagram.com/ripleyprice1m.q","ripleyprice1m.q","1735194938"
"","https://www.instagram.com/millarp.17t","millarp.17t","1735194827"
"","https://www.instagram.com/shortj7313349199","shortj7313349199","1735194664"
"","https://www.instagram.com/joycet5xfo","joycet5xfo","1735194616"
"","https://www.instagram.com/______fr943884719","______fr943884719","1735194495"
"","https://www.instagram.com/caelan.henryh34.__","caelan.henryh34.__","1735194450"
"","https://www.instagram.com/arievansb.x._","arievansb.x._","1735194412"
"","https://www.instagram.com/wattb2yt564155168","wattb2yt564155168","1735194405"
"","https://www.instagram.com/tonyrowe.t.__","tonyrowe.t.__","1735194285"
"","https://www.instagram.com/masondalepa.2","masondalepa.2","1735194206"
"","https://www.instagram.com/_.blairrgkr","_.blairrgkr","1735194196"
"","https://www.instagram.com/_.v2261","_.v2261","1735194187"
"","https://www.instagram.com/_____reganboyd1j5","_____reganboyd1j5","1735194180"
"","https://www.instagram.com/birchv.tfy","birchv.tfy","1735194148"
"","https://www.instagram.com/rebelmackay_8y1uc","rebelmackay_8y1uc","1735194114"
"","https://www.instagram.com/aubreymilesj8z6","aubreymilesj8z6","1735194060"
"","https://www.instagram.com/dallas_____georgeh709","dallas_____georgeh709","1735194019"
"","https://www.instagram.com/_____mclean__6.sh","_____mclean__6.sh","1735194017"
"","https://www.instagram.com/_reganward__.c9.7","_reganward__.c9.7","1735194008"
"","https://www.instagram.com/max_____hooper.8w6","max_____hooper.8w6","1735193940"
"","https://www.instagram.com/_____egyptwarrenoa48","_____egyptwarrenoa48","1735193936"
"","https://www.instagram.com/_____lonnie_woodsr0h17","_____lonnie_woodsr0h17","1735193888"
"","https://www.instagram.com/lesliebullg.__","lesliebullg.__","1735193877"
"","https://www.instagram.com/roanpotts3843m","roanpotts3843m","1735193875"
"","https://www.instagram.com/audennoble.avsp","audennoble.avsp","1735193868"
"","https://www.instagram.com/ashleyharveykv58._","ashleyharveykv58._","1735193858"
"","https://www.instagram.com/zephyr_hartkdna","zephyr_hartkdna","1735193816"
"","https://www.instagram.com/micky.heath.x1a","micky.heath.x1a","1735193728"
"","https://www.instagram.com/dylandennisc._","dylandennisc._","1735193688"
"","https://www.instagram.com/ore_____watt7u33","ore_____watt7u33","1735193681"
"","https://www.instagram.com/_____61mgs","_____61mgs","1735193642"
"","https://www.instagram.com/_ridley.m9f9","_ridley.m9f9","1735193575"
"","https://www.instagram.com/clancyleea5hqr","clancyleea5hqr","1735193532"
"","https://www.instagram.com/alexisahmza","alexisahmza","1735193496"
"","https://www.instagram.com/_aoc527179758","_aoc527179758","1735193436"
"","https://www.instagram.com/jodynewtonhuq4a","jodynewtonhuq4a","1735193432"
"","https://www.instagram.com/_waters9tvdm","_waters9tvdm","1735193391"
"","https://www.instagram.com/coles.gk0831473","coles.gk0831473","1735193352"
"","https://www.instagram.com/glover_r9h44","glover_r9h44","1735193293"
"","https://www.instagram.com/wesleyhenrya.vx","wesleyhenrya.vx","1735193291"
"","https://www.instagram.com/_heropotts9g4._","_heropotts9g4._","1735193281"
"","https://www.instagram.com/blainegouldnykod","blainegouldnykod","1735193275"
"","https://www.instagram.com/davies_3q7","davies_3q7","1735193204"
"","https://www.instagram.com/dylanmay8um3b","dylanmay8um3b","1735193157"
"","https://www.instagram.com/hudsonbondu1wc","hudsonbondu1wc","1735193109"
"","https://www.instagram.com/_miles.ft7","_miles.ft7","1735193042"
"","https://www.instagram.com/kevinparry.75f","kevinparry.75f","1735192948"
"","https://www.instagram.com/shae_vgkjk","shae_vgkjk","1735192947"
"","https://www.instagram.com/andienewman5shmt","andienewman5shmt","1735192895"
"","https://www.instagram.com/_____winter__.mbu.__","_____winter__.mbu.__","1735192895"
"","https://www.instagram.com/brent.c4.__","brent.c4.__","1735192881"
"","https://www.instagram.com/__parker1mz","__parker1mz","1735192839"
"","https://www.instagram.com/claywallis.82y","claywallis.82y","1735192826"
"","https://www.instagram.com/tateleey.p._","tateleey.p._","1735192822"
"","https://www.instagram.com/_brookmooreza2._","_brookmooreza2._","1735192778"
"","https://www.instagram.com/hunter777p6","hunter777p6","1735192766"
"","https://www.instagram.com/jaela5hbh9867482775","jaela5hbh9867482775","1735192754"
"","https://www.instagram.com/______0.d70","______0.d70","1735192704"
"","https://www.instagram.com/renehale.05pp","renehale.05pp","1735192660"
"","https://www.instagram.com/noelallenb","noelallenb","1735192613"
"","https://www.instagram.com/daveyna9qt","daveyna9qt","1735192564"
"","https://www.instagram.com/zion_qrfc5","zion_qrfc5","1735192562"
"","https://www.instagram.com/alby8yr._12783594","alby8yr._12783594","1735192522"
"","https://www.instagram.com/henry5o2._","henry5o2._","1735192516"
"","https://www.instagram.com/darrel_____vy62f","darrel_____vy62f","1735192509"
"","https://www.instagram.com/parisahmed_1x6xp","parisahmed_1x6xp","1735192386"
"","https://www.instagram.com/_____adams_rdv23","_____adams_rdv23","1735192385"
"","https://www.instagram.com/bowie.pooletj.6r","bowie.pooletj.6r","1735192383"
"","https://www.instagram.com/angelrossqgau._","angelrossqgau._","1735192309"
"","https://www.instagram.com/jamesmoss_xa.h","jamesmoss_xa.h","1735192171"
"","https://www.instagram.com/sky_kerrnx8","sky_kerrnx8","1735192166"
"","https://www.instagram.com/fabian_____lee9.4v","fabian_____lee9.4v","1735192100"
"","https://www.instagram.com/emery.hogg.73","emery.hogg.73","1735192091"
"","https://www.instagram.com/clancy.potter_a1t7d","clancy.potter_a1t7d","1735192090"
"","https://www.instagram.com/wisdommartin.oz4","wisdommartin.oz4","1735192030"
"","https://www.instagram.com/lawsonx2cwa","lawsonx2cwa","1735191939"
"","https://www.instagram.com/julianbaxtermcm7","julianbaxtermcm7","1735191889"
"","https://www.instagram.com/tatum.winterpy1u","tatum.winterpy1u","1735191827"
"","https://www.instagram.com/n.b5885945668","n.b5885945668","1735191777"
"","https://www.instagram.com/kieranwelsh.fn","kieranwelsh.fn","1735191722"
"","https://www.instagram.com/jules.doddykkhn","jules.doddykkhn","1735191719"
"","https://www.instagram.com/_____perrybirdq820","_____perrybirdq820","1735191718"
"","https://www.instagram.com/andyjohn6orc._","andyjohn6orc._","1735191660"
"","https://www.instagram.com/julian_____bowen8.wr","julian_____bowen8.wr","1735191656"
"","https://www.instagram.com/gnh6621319","gnh6621319","1735191626"
"","https://www.instagram.com/ali.xrvt326299551","ali.xrvt326299551","1735191581"
"","https://www.instagram.com/hudsonduncan3th","hudsonduncan3th","1735191515"
"","https://www.instagram.com/vesperfraser_v6cj6","vesperfraser_v6cj6","1735191411"
"","https://www.instagram.com/indigohallxrvk","indigohallxrvk","1735191361"
"","https://www.instagram.com/_____dalygahho","_____dalygahho","1735191354"
"","https://www.instagram.com/_____royal29qxd","_____royal29qxd","1735191300"
"","https://www.instagram.com/aubrey_blackw6.p","aubrey_blackw6.p","1735191300"
"","https://www.instagram.com/_u384v8791619","_u384v8791619","1735191288"
"","https://www.instagram.com/skycoles__t9ad","skycoles__t9ad","1735191281"
"","https://www.instagram.com/andie_lynch_xrzw._","andie_lynch_xrzw._","1735191273"
"","https://www.instagram.com/wilder.baxter2g.mt","wilder.baxter2g.mt","1735191209"
"","https://www.instagram.com/wyatt_____8v6","wyatt_____8v6","1735191207"
"","https://www.instagram.com/hopev599k797295858","hopev599k797295858","1735191156"
"","https://www.instagram.com/parkerkaur__xgh._","parkerkaur__xgh._","1735191145"
"","https://www.instagram.com/tucker_g6o9a","tucker_g6o9a","1735191144"
"","https://www.instagram.com/dalybwo124379295","dalybwo124379295","1735191144"
"","https://www.instagram.com/_zuo8j2327622377","_zuo8j2327622377","1735191089"
"","https://www.instagram.com/eastynduncanorptj","eastynduncanorptj","1735191022"
"","https://www.instagram.com/corey_____finch0w9y","corey_____finch0w9y","1735190967"
"","https://www.instagram.com/gene_____noble8sqyz","gene_____noble8sqyz","1735190903"
"","https://www.instagram.com/readfrvaf1153","readfrvaf1153","1735190897"
"","https://www.instagram.com/_carmel_taylor_puq","_carmel_taylor_puq","1735190842"
"","https://www.instagram.com/egyptwalton.ok.2","egyptwalton.ok.2","1735190836"
"","https://www.instagram.com/_____morrisq.8","_____morrisq.8","1735190761"
"","https://www.instagram.com/hallz17at65499677","hallz17at65499677","1735190704"
"","https://www.instagram.com/_elliotharvey7wg.6","_elliotharvey7wg.6","1735190695"
"","https://www.instagram.com/arnold1k5kw","arnold1k5kw","1735190674"
"","https://www.instagram.com/_sydneypugh_25pw","_sydneypugh_25pw","1735190665"
"","https://www.instagram.com/_____eden.rhb.__","_____eden.rhb.__","1735190663"
"","https://www.instagram.com/longx4us279729","longx4us279729","1735190617"
"","https://www.instagram.com/reese.graham5y8b","reese.graham5y8b","1735190613"
"","https://www.instagram.com/_____colecfsz","_____colecfsz","1735190563"
"","https://www.instagram.com/_remy.noble__5d3u7","_remy.noble__5d3u7","1735190549"
"","https://www.instagram.com/oakleypricecww.j","oakleypricecww.j","1735190542"
"","https://www.instagram.com/briaryates7g1dm","briaryates7g1dm","1735190478"
"","https://www.instagram.com/rumi_____waterszbwm","rumi_____waterszbwm","1735190469"
"","https://www.instagram.com/eli.potts7s1n","eli.potts7s1n","1735190396"
"","https://www.instagram.com/kyriebruce__a.mrt","kyriebruce__a.mrt","1735190395"
"","https://www.instagram.com/_wattt1d5674249","_wattt1d5674249","1735190346"
"","https://www.instagram.com/_clarke.porterfu.gx","_clarke.porterfu.gx","1735190333"
"","https://www.instagram.com/carterclarkex53oq","carterclarkex53oq","1735190265"
"","https://www.instagram.com/haydenmackaydf6d8","haydenmackaydf6d8","1735190260"
"","https://www.instagram.com/quincycooken1._","quincycooken1._","1735190195"
"","https://www.instagram.com/armani__bb61.__","armani__bb61.__","1735190146"
"","https://www.instagram.com/boothmaxy8346432464","boothmaxy8346432464","1735190140"
"","https://www.instagram.com/kaigibson__ckaj","kaigibson__ckaj","1735190055"
"","https://www.instagram.com/kamrynshah5w9","kamrynshah5w9","1735190042"
"","https://www.instagram.com/stokesrfc2b","stokesrfc2b","1735190034"
"","https://www.instagram.com/rudyjarvisczfo","rudyjarvisczfo","1735189987"
"","https://www.instagram.com/jesserkaan","jesserkaan","1735189975"
"","https://www.instagram.com/archerbirch2z","archerbirch2z","1735189922"
"","https://www.instagram.com/juliangould4.n._","juliangould4.n._","1735189865"
"","https://www.instagram.com/_.loweq.roj","_.loweq.roj","1735189858"
"","https://www.instagram.com/_payton_____barnesvtp","_payton_____barnesvtp","1735189845"
"","https://www.instagram.com/warren__rgg9.__","warren__rgg9.__","1735189832"
"","https://www.instagram.com/perry9kr351486","perry9kr351486","1735189781"
"","https://www.instagram.com/blaircraig__t.haa","blaircraig__t.haa","1735189772"
"","https://www.instagram.com/arya_____burnspks.f","arya_____burnspks.f","1735189714"
"","https://www.instagram.com/xenfisher.rb20","xenfisher.rb20","1735189634"
"","https://www.instagram.com/nevadakerrn9b59","nevadakerrn9b59","1735189633"
"","https://www.instagram.com/dylanowens9drz","dylanowens9drz","1735189581"
"","https://www.instagram.com/paytonkempd.g","paytonkempd.g","1735189570"
"","https://www.instagram.com/sydney_rowefc1j","sydney_rowefc1j","1735189555"
"","https://www.instagram.com/arden.7v644539857","arden.7v644539857","1735189544"
"","https://www.instagram.com/landryrowe88mwk","landryrowe88mwk","1735189475"
"","https://www.instagram.com/_____jaziah__q0bqq","_____jaziah__q0bqq","1735189464"
"","https://www.instagram.com/_t4659614137","_t4659614137","1735189388"
"","https://www.instagram.com/_____elliotcolejf7.s","_____elliotcolejf7.s","1735189374"
"","https://www.instagram.com/sloan507956598374","sloan507956598374","1735189367"
"","https://www.instagram.com/______o3ps","______o3ps","1735189365"
"","https://www.instagram.com/oswincoopert.8.__","oswincoopert.8.__","1735189363"
"","https://www.instagram.com/leesdw51o354672","leesdw51o354672","1735189352"
"","https://www.instagram.com/janahmed1.6tr","janahmed1.6tr","1735189289"
"","https://www.instagram.com/_noelmorris11","_noelmorris11","1735189231"
"","https://www.instagram.com/0kg.33993229","0kg.33993229","1735189230"
"","https://www.instagram.com/_____gough7n02","_____gough7n02","1735189217"
"","https://www.instagram.com/rebel_nelson3t.h","rebel_nelson3t.h","1735189206"
"","https://www.instagram.com/tate_powellgf3hg","tate_powellgf3hg","1735189199"
"","https://www.instagram.com/blaker0.42239936","blaker0.42239936","1735189138"
"","https://www.instagram.com/_drewfinchq9cu","_drewfinchq9cu","1735189124"
"","https://www.instagram.com/valgswq.__","valgswq.__","1735189066"
"","https://www.instagram.com/kadinbrooksm.0z","kadinbrooksm.0z","1735189051"
"","https://www.instagram.com/_butlergyyn","_butlergyyn","1735188985"
"","https://www.instagram.com/keithwoods4scnq","keithwoods4scnq","1735188984"
"","https://www.instagram.com/joeward94y0j","joeward94y0j","1735188917"
"","https://www.instagram.com/hayden_morrisvv._","hayden_morrisvv._","1735188913"
"","https://www.instagram.com/allen1279526","allen1279526","1735188911"
"","https://www.instagram.com/reedd9fkr2453736","reedd9fkr2453736","1735188903"
"","https://www.instagram.com/ramsey39v0g","ramsey39v0g","1735188898"
"","https://www.instagram.com/ariel_lloydv5v8b","ariel_lloydv5v8b","1735188842"
"","https://www.instagram.com/f6y3852237","f6y3852237","1735188841"
"","https://www.instagram.com/brentthorpe_hrb9","brentthorpe_hrb9","1735188766"
"","https://www.instagram.com/_dakota.owen.md","_dakota.owen.md","1735188758"
"","https://www.instagram.com/erinrose__uh93w","erinrose__uh93w","1735188746"
"","https://www.instagram.com/ore_baileyy40z","ore_baileyy40z","1735188689"
"","https://www.instagram.com/frostu7uwg","frostu7uwg","1735188684"
"","https://www.instagram.com/kylin______o9du.__","kylin______o9du.__","1735188672"
"","https://www.instagram.com/trumurphyyoumh","trumurphyyoumh","1735188581"
"","https://www.instagram.com/reedbowenkn6u","reedbowenkn6u","1735188518"
"","https://www.instagram.com/skylernas54","skylernas54","1735188427"
"","https://www.instagram.com/cookex6.o8","cookex6.o8","1735188426"
"","https://www.instagram.com/ryan_____3.1j","ryan_____3.1j","1735188414"
"","https://www.instagram.com/_____wildershah0psr.__","_____wildershah0psr.__","1735188279"
"","https://www.instagram.com/valwarner_6jg11","valwarner_6jg11","1735188263"
"","https://www.instagram.com/seanfosterqnxz3","seanfosterqnxz3","1735188204"
"","https://www.instagram.com/taylennorris62.c","taylennorris62.c","1735188144"
"","https://www.instagram.com/_____gibbs9ok.w","_____gibbs9ok.w","1735188138"
"","https://www.instagram.com/ellisclark.h0u","ellisclark.h0u","1735188082"
"","https://www.instagram.com/_baileysuttongch","_baileysuttongch","1735188010"
"","https://www.instagram.com/harlow_swift__y8b","harlow_swift__y8b","1735188009"
"","https://www.instagram.com/winnreadajsc","winnreadajsc","1735187942"
"","https://www.instagram.com/lucian_____miahjo.w","lucian_____miahjo.w","1735187885"
"","https://www.instagram.com/sunnybowenc.wt","sunnybowenc.wt","1735187827"
"","https://www.instagram.com/merithoweqw.__","merithoweqw.__","1735187770"
"","https://www.instagram.com/cookeh3s1._","cookeh3s1._","1735187767"
"","https://www.instagram.com/_____taylensteelef.z","_____taylensteelef.z","1735187766"
"","https://www.instagram.com/tobycraigy.9kz","tobycraigy.9kz","1735187766"
"","https://www.instagram.com/_____dixonoj.f9","_____dixonoj.f9","1735187759"
"","https://www.instagram.com/kylar.__62","kylar.__62","1735187693"
"","https://www.instagram.com/sagesteele_388","sagesteele_388","1735187691"
"","https://www.instagram.com/darby4tnu894274456","darby4tnu894274456","1735187621"
"","https://www.instagram.com/salem_____winter.aczn","salem_____winter.aczn","1735187621"
"","https://www.instagram.com/_ac2683154788","_ac2683154788","1735187551"
"","https://www.instagram.com/archer_watson__.x","archer_watson__.x","1735187549"
"","https://www.instagram.com/carson_3ww.__","carson_3ww.__","1735187547"
"","https://www.instagram.com/oswin.b54yq","oswin.b54yq","1735187540"
"","https://www.instagram.com/masonmorton.tp","masonmorton.tp","1735187468"
"","https://www.instagram.com/rowandavisf0r.__","rowandavisf0r.__","1735187404"
"","https://www.instagram.com/dale_ballhhzgo","dale_ballhhzgo","1735187390"
"","https://www.instagram.com/shae.shawpa3","shae.shawpa3","1735187386"
"","https://www.instagram.com/lorenfuller7qv._","lorenfuller7qv._","1735187373"
"","https://www.instagram.com/willis_8.n","willis_8.n","1735187363"
"","https://www.instagram.com/corey_____dawsonbd.rd","corey_____dawsonbd.rd","1735187292"
"","https://www.instagram.com/elibates_atm3.__","elibates_atm3.__","1735187291"
"","https://www.instagram.com/4fw71636856","4fw71636856","1735187290"
"","https://www.instagram.com/finchvf78z","finchvf78z","1735187202"
"","https://www.instagram.com/7kuv5416149","7kuv5416149","1735187200"
"","https://www.instagram.com/wyatt3u5g._","wyatt3u5g._","1735187137"
"","https://www.instagram.com/lonniehart_hwvb9","lonniehart_hwvb9","1735187135"
"","https://www.instagram.com/arnold9y73329346","arnold9y73329346","1735187132"
"","https://www.instagram.com/marlow_____fraser3wzy","marlow_____fraser3wzy","1735187052"
"","https://www.instagram.com/texaswrightgnkb","texaswrightgnkb","1735186976"
"","https://www.instagram.com/_.3k38139","_.3k38139","1735186968"
"","https://www.instagram.com/umberpopefvo0","umberpopefvo0","1735186954"
"","https://www.instagram.com/sydneybishopz2","sydneybishopz2","1735186879"
"","https://www.instagram.com/lyric_____benson5.9","lyric_____benson5.9","1735186874"
"","https://www.instagram.com/hobbsx.ah._","hobbsx.ah._","1735186859"
"","https://www.instagram.com/______1pjcy","______1pjcy","1735186855"
"","https://www.instagram.com/kylar_____lawnzqw","kylar_____lawnzqw","1735186853"
"","https://www.instagram.com/austinporter.hfu","austinporter.hfu","1735186848"
"","https://www.instagram.com/talboty.c3r","talboty.c3r","1735186845"
"","https://www.instagram.com/seanboyle6sp5","seanboyle6sp5","1735186838"
"","https://www.instagram.com/_.roseus.2","_.roseus.2","1735186837"
"","https://www.instagram.com/__akhtar_kh.3p","__akhtar_kh.3p","1735186758"
"","https://www.instagram.com/_.9.a54371245","_.9.a54371245","1735186752"
"","https://www.instagram.com/jordanowen40j","jordanowen40j","1735186744"
"","https://www.instagram.com/oakleyt5ng","oakleyt5ng","1735186667"
"","https://www.instagram.com/halo_____turnerhnrh","halo_____turnerhnrh","1735186663"
"","https://www.instagram.com/micky_n5d3","micky_n5d3","1735186654"
"","https://www.instagram.com/arden___hc.__","arden___hc.__","1735186646"
"","https://www.instagram.com/sam_reevesvuw6","sam_reevesvuw6","1735186633"
"","https://www.instagram.com/xen_____bull2yyos","xen_____bull2yyos","1735186632"
"","https://www.instagram.com/louywgos4543","louywgos4543","1735186564"
"","https://www.instagram.com/blaine.moore.7u._","blaine.moore.7u._","1735186558"
"","https://www.instagram.com/landry_____quinnxqm1n","landry_____quinnxqm1n","1735186484"
"","https://www.instagram.com/brookegibbs_8m2ah","brookegibbs_8m2ah","1735186480"
"","https://www.instagram.com/james1jq96929233","james1jq96929233","1735186409"
"","https://www.instagram.com/_lyric2ggc","_lyric2ggc","1735186408"
"","https://www.instagram.com/skymason0x05._","skymason0x05._","1735186331"
"","https://www.instagram.com/_txb1w968778","_txb1w968778","1735186254"
"","https://www.instagram.com/arielclarkeo8xwo","arielclarkeo8xwo","1735186178"
"","https://www.instagram.com/bluemurphymna8","bluemurphymna8","1735186166"
"","https://www.instagram.com/harriskgkc3","harriskgkc3","1735186166"
"","https://www.instagram.com/_.lynchm72n","_.lynchm72n","1735186155"
"","https://www.instagram.com/jodyreed.w9gm","jodyreed.w9gm","1735186153"
"","https://www.instagram.com/easton__65gkk","easton__65gkk","1735186005"
"","https://www.instagram.com/devongrantmo.pd","devongrantmo.pd","1735185991"
"","https://www.instagram.com/bretttalbot_2ax5.__","bretttalbot_2ax5.__","1735185990"
"","https://www.instagram.com/jadehartqvb.1","jadehartqvb.1","1735185903"
"","https://www.instagram.com/_____wildernortonsd6yd","_____wildernortonsd6yd","1735185821"
"","https://www.instagram.com/_casey_____byrnec1pc5","_casey_____byrnec1pc5","1735185819"
"","https://www.instagram.com/lorenbull.a","lorenbull.a","1735185735"
"","https://www.instagram.com/dawsong.z6","dawsong.z6","1735185724"
"","https://www.instagram.com/_____butler_.u9b","_____butler_.u9b","1735185712"
"","https://www.instagram.com/caelan_u0vs","caelan_u0vs","1735185621"
"","https://www.instagram.com/laneholden.g5t6","laneholden.g5t6","1735185539"
"","https://www.instagram.com/seanhoggq1m.__","seanhoggq1m.__","1735185525"
"","https://www.instagram.com/eastonmills3qo9","eastonmills3qo9","1735185516"
"","https://www.instagram.com/_____tru.khanhnmw","_____tru.khanhnmw","1735185505"
"","https://www.instagram.com/kirkxmq8738454931","kirkxmq8738454931","1735185503"
"","https://www.instagram.com/stormq7w93925","stormq7w93925","1735185402"
"","https://www.instagram.com/tracy_watsonk0z","tracy_watsonk0z","1735185308"
"","https://www.instagram.com/angel_owens.3q6n","angel_owens.3q6n","1735185307"
"","https://www.instagram.com/_halef77j537797","_halef77j537797","1735185305"
"","https://www.instagram.com/_____lawctgh9","_____lawctgh9","1735185208"
"","https://www.instagram.com/rylanali0q.z8","rylanali0q.z8","1735185106"
"","https://www.instagram.com/sydneyjohnj.6z5","sydneyjohnj.6z5","1735185005"
"","https://www.instagram.com/odeperry__w8s.6","odeperry__w8s.6","1735184993"
"","https://www.instagram.com/_____tru16662474933","_____tru16662474933","1735184979"
"","https://www.instagram.com/aspenduffyst7a","aspenduffyst7a","1735184976"
"","https://www.instagram.com/dylanbarton33a.__","dylanbarton33a.__","1735184963"
"","https://www.instagram.com/_____wynnenaylor__.o0b","_____wynnenaylor__.o0b","1735184959"
"","https://www.instagram.com/oremurray__.gu.__","oremurray__.gu.__","1735184855"
"","https://www.instagram.com/_jadenfrostn1ra","_jadenfrostn1ra","1735184745"
"","https://www.instagram.com/hollisdixon__nujq","hollisdixon__nujq","1735184745"
"","https://www.instagram.com/amenpotter98p","amenpotter98p","1735184735"
"","https://www.instagram.com/merit_kempzgs6a","merit_kempzgs6a","1735184722"
"","https://www.instagram.com/zionvqo7862196","zionvqo7862196","1735184720"
"","https://www.instagram.com/revelharvey.a.v","revelharvey.a.v","1735184606"
"","https://www.instagram.com/nicothomas_stvb8","nicothomas_stvb8","1735184482"
"","https://www.instagram.com/tylerbrowne9rv","tylerbrowne9rv","1735184372"
"","https://www.instagram.com/hicks.3a19","hicks.3a19","1735184372"
"","https://www.instagram.com/_____reese.welsh__z.k","_____reese.welsh__z.k","1735184371"
"","https://www.instagram.com/_____wall_k5x","_____wall_k5x","1735184370"
"","https://www.instagram.com/_wallis5.4b","_wallis5.4b","1735184251"
"","https://www.instagram.com/wilder.w7svs","wilder.w7svs","1735184239"
"","https://www.instagram.com/aiden.morley_a7qx","aiden.morley_a7qx","1735184236"
"","https://www.instagram.com/__a.nx7551423","__a.nx7551423","1735184127"
"","https://www.instagram.com/harlow_____baker6w2","harlow_____baker6w2","1735184111"
"","https://www.instagram.com/peterszo.3","peterszo.3","1735184101"
"","https://www.instagram.com/jordan_b.m2w","jordan_b.m2w","1735183974"
"","https://www.instagram.com/ramseybrady3uzj","ramseybrady3uzj","1735183973"
"","https://www.instagram.com/_____potterj.4z","_____potterj.4z","1735183972"
"","https://www.instagram.com/kiley.daviest89s._","kiley.daviest89s._","1735183972"
"","https://www.instagram.com/_0b817223","_0b817223","1735183859"
"","https://www.instagram.com/carmel.browne.2y3q","carmel.browne.2y3q","1735183858"
"","https://www.instagram.com/casey.btg3417898634","casey.btg3417898634","1735183739"
"","https://www.instagram.com/brent_____coopern.t","brent_____coopern.t","1735183737"
"","https://www.instagram.com/taylenbanks0j4._","taylenbanks0j4._","1735183736"
"","https://www.instagram.com/lesliebowenxt5p0","lesliebowenxt5p0","1735183735"
"","https://www.instagram.com/price4mc6s","price4mc6s","1735183611"
"","https://www.instagram.com/kileyj9c.__","kileyj9c.__","1735183606"
"","https://www.instagram.com/julianturner__0v7w","julianturner__0v7w","1735183496"
"","https://www.instagram.com/darrelwillis_y9c","darrelwillis_y9c","1735183365"
"","https://www.instagram.com/kylar_p8h7142","kylar_p8h7142","1735183243"
"","https://www.instagram.com/lane364f35926","lane364f35926","1735183125"
"","https://www.instagram.com/_giles9caz.__","_giles9caz.__","1735183108"
"","https://www.instagram.com/remybailey5m3","remybailey5m3","1735183103"
"","https://www.instagram.com/_reid9pgth","_reid9pgth","1735183102"
"","https://www.instagram.com/quinn_____hobbs.mu","quinn_____hobbs.mu","1735182963"
"","https://www.instagram.com/masonsavagevx.to","masonsavagevx.to","1735182963"
"","https://www.instagram.com/__________shah.oau3","__________shah.oau3","1735182962"
"","https://www.instagram.com/_cook_zxd7n","_cook_zxd7n","1735182832"
"","https://www.instagram.com/reeddavisn9gb","reeddavisn9gb","1735182678"
"","https://www.instagram.com/tatummuirzu.f._","tatummuirzu.f._","1735182671"
"","https://www.instagram.com/ashton_____yatesqz6x","ashton_____yatesqz6x","1735182661"
"","https://www.instagram.com/baker_____lloydp3cm0","baker_____lloydp3cm0","1735182649"
"","https://www.instagram.com/taylor__48s7","taylor__48s7","1735182641"
"","https://www.instagram.com/_____fostermy12","_____fostermy12","1735182620"
"","https://www.instagram.com/_eastyn__2k14","_eastyn__2k14","1735182613"
"","https://www.instagram.com/umberking02obx","umberking02obx","1735182602"
"","https://www.instagram.com/_keegan_____moran5s0.r","_keegan_____moran5s0.r","1735182597"
"","https://www.instagram.com/fabianhudsoncbv3o","fabianhudsoncbv3o","1735182581"
"","https://www.instagram.com/_.gough__bnnt","_.gough__bnnt","1735182572"
"","https://www.instagram.com/storm.g.161527","storm.g.161527","1735182443"
"","https://www.instagram.com/_andymuirsr0k8","_andymuirsr0k8","1735182431"
"","https://www.instagram.com/cleoakhtar__7ndz","cleoakhtar__7ndz","1735182425"
"","https://www.instagram.com/aidennga914583921","aidennga914583921","1735182287"
"","https://www.instagram.com/milan.grahamwtby5","milan.grahamwtby5","1735182154"
"","https://www.instagram.com/parkerspencevf.24","parkerspencevf.24","1735182153"
"","https://www.instagram.com/xoano8cq._","xoano8cq._","1735182003"
"","https://www.instagram.com/_____amenkirbykj.q","_____amenkirbykj.q","1735181995"
"","https://www.instagram.com/stormhewittcn7y._","stormhewittcn7y._","1735181867"
"","https://www.instagram.com/_____jan.7df4f","_____jan.7df4f","1735181866"
"","https://www.instagram.com/devonlynch_.rrt","devonlynch_.rrt","1735181864"
"","https://www.instagram.com/__qf3417","__qf3417","1735181709"
"","https://www.instagram.com/moran_t0od","moran_t0od","1735181708"
"","https://www.instagram.com/kaisteeleqbna3","kaisteeleqbna3","1735181474"
"","https://www.instagram.com/darbylyons__r5yp","darbylyons__r5yp","1735181452"
"","https://www.instagram.com/_easton_____fox5pa6","_easton_____fox5pa6","1735181427"
"","https://www.instagram.com/kim.whitekkbqz","kim.whitekkbqz","1735181190"
"","https://www.instagram.com/jael_____hansono9.t","jael_____hansono9.t","1735180959"
"","https://www.instagram.com/lyric.grantm3mj","lyric.grantm3mj","1735180728"
"","https://www.instagram.com/welsh_.43r7","welsh_.43r7","1735180721"
"","https://www.instagram.com/wallisduncan9.rm","wallisduncan9.rm","1735180720"
"","https://www.instagram.com/kevin4m1.k","kevin4m1.k","1735180564"
"","https://www.instagram.com/daydt.rx759562","daydt.rx759562","1735180564"
"","https://www.instagram.com/millssygkf","millssygkf","1735180564"
"","https://www.instagram.com/aiden.__m.jd","aiden.__m.jd","1735180564"
"","https://www.instagram.com/_.gough__52y9c","_.gough__52y9c","1735180564"
"","https://www.instagram.com/oakleyja1wm","oakleyja1wm","1735180564"
"","https://www.instagram.com/carr092j86478","carr092j86478","1735180564"
"","https://www.instagram.com/ngz0565753","ngz0565753","1735180564"
"","https://www.instagram.com/vesperhudson__3n.w4","vesperhudson__3n.w4","1735180488"
"","https://www.instagram.com/casey8.1f._","casey8.1f._","1735180488"
"","https://www.instagram.com/_westbegum_g861","_westbegum_g861","1735180488"
"","https://www.instagram.com/hobbs08v94","hobbs08v94","1735180488"
"","https://www.instagram.com/ahmedgcd452821319","ahmedgcd452821319","1735180486"
"","https://www.instagram.com/rice_n.jwf","rice_n.jwf","1735180486"
"","https://www.instagram.com/_____taylorbullr90","_____taylorbullr90","1735180486"
"","https://www.instagram.com/quincygibbsf8d5","quincygibbsf8d5","1735180486"
"","https://www.instagram.com/clay9.55532966979","clay9.55532966979","1735180486"
"","https://www.instagram.com/_____kileyosq8","_____kileyosq8","1735180486"
"","https://www.instagram.com/kyriewatersdht9m","kyriewatersdht9m","1735180486"
"","https://www.instagram.com/kellyburketg.p","kellyburketg.p","1735180486"
"","https://www.instagram.com/brettbaxterc4.t3","brettbaxterc4.t3","1735180486"
"","https://www.instagram.com/_eli_6xu778445","_eli_6xu778445","1735180486"
"","https://www.instagram.com/_.1md._586758","_.1md._586758","1735180486"
"","https://www.instagram.com/slater1h0f","slater1h0f","1735180486"
"","https://www.instagram.com/caseyfrost_.zuy","caseyfrost_.zuy","1735180486"
"","https://www.instagram.com/adrian_____field5xwga","adrian_____field5xwga","1735180486"
"","https://www.instagram.com/jordanallandmv","jordanallandmv","1735180486"
"","https://www.instagram.com/_____august_____doddcom","_____august_____doddcom","1735180486"
"","https://www.instagram.com/bakerjjs78784714","bakerjjs78784714","1735180486"
"","https://www.instagram.com/ashtonwalkerbn.8w","ashtonwalkerbn.8w","1735180486"
"","https://www.instagram.com/_marley_3m01z","_marley_3m01z","1735180486"
"","https://www.instagram.com/m.37749427889","m.37749427889","1735180486"
"","https://www.instagram.com/logan_robson_rwan","logan_robson_rwan","1735180486"
"","https://www.instagram.com/_____aidenpoole_.jhr","_____aidenpoole_.jhr","1735180486"
"","https://www.instagram.com/brent1bj2a","brent1bj2a","1735180486"
"","https://www.instagram.com/morgan_____slaterh.dz","morgan_____slaterh.dz","1735180486"
"","https://www.instagram.com/ripleyflynn4awmg","ripleyflynn4awmg","1735180486"
"","https://www.instagram.com/quincykaurs29","quincykaurs29","1735180486"
"","https://www.instagram.com/amorykay__3pw","amorykay__3pw","1735180486"
"","https://www.instagram.com/skyfrenchp5.z","skyfrenchp5.z","1735180486"
"","https://www.instagram.com/macey_dennis.5g","macey_dennis.5g","1735180486"
"","https://www.instagram.com/kylehowell_om8p","kylehowell_om8p","1735180486"
"","https://www.instagram.com/rene.waltonhuw2w","rene.waltonhuw2w","1735180486"
"","https://www.instagram.com/tylermartint0","tylermartint0","1735180486"
"","https://www.instagram.com/_king.6oh753736","_king.6oh753736","1735180486"
"","https://www.instagram.com/cairnsmgh2481","cairnsmgh2481","1735180486"
"","https://www.instagram.com/_____stormwallad","_____stormwallad","1735180486"
"","https://www.instagram.com/kamryn_____rwhfp","kamryn_____rwhfp","1735180486"
"","https://www.instagram.com/holmes.z9g","holmes.z9g","1735180486"
"","https://www.instagram.com/lo.izee","lo.izee","1733838809"
"","https://www.instagram.com/edzone.444","edzone.444","1733834926"
"","https://www.instagram.com/karlll_go","karlll_go","1733827101"
"","https://www.instagram.com/nclbrrd","nclbrrd","1733735995"
"","https://www.instagram.com/thinkaboutjc","thinkaboutjc","1733672170"
"","https://www.instagram.com/onigiriyah","onigiriyah","1733488314"
"","https://www.instagram.com/_jethrovesagas","_jethrovesagas","1733250381"
"","https://www.instagram.com/mattj.pvt","mattj.pvt","1732976617"
"","https://www.instagram.com/parengolidan","parengolidan","1732233825"
"","https://www.instagram.com/kyl.dmngo","kyl.dmngo","1732092445"
"","https://www.instagram.com/belindamaemiralles","belindamaemiralles","1731683008"
"","https://www.instagram.com/markjustindoan","markjustindoan","1731683008"
"","https://www.instagram.com/lancaster_618","lancaster_618","1731574748"
"","https://www.instagram.com/just.kylethings","just.kylethings","1731387156"
"","https://www.instagram.com/magdalenaelena_","magdalenaelena_","1730789340"
"","https://www.instagram.com/peppaaawings__","peppaaawings__","1730789328"
"","https://www.instagram.com/iannn_spct19","iannn_spct19","1730739845"
"","https://www.instagram.com/j.p.t.l","j.p.t.l","1729859636"
"","https://www.instagram.com/tubbs_yo","tubbs_yo","1729432877"
"","https://www.instagram.com/sisngrmy","sisngrmy","1728874980"
"","https://www.instagram.com/uijii_79","uijii_79","1728095007"
"","https://www.instagram.com/ken.doesart","ken.doesart","1728052572"
"","https://www.instagram.com/rzldz_ce","rzldz_ce","1728042955"
"","https://www.instagram.com/__al._.28","__al._.28","1728042252"
"","https://www.instagram.com/wonder.hao","wonder.hao","1728042241"
"","https://www.instagram.com/prncss.drln","prncss.drln","1727866086"
"","https://www.instagram.com/angelhvvn","angelhvvn","1727061421"
"","https://www.instagram.com/nix_soliveeeen","nix_soliveeeen","1726995491"
"","https://www.instagram.com/tsikin_ni_joyjoy","tsikin_ni_joyjoy","1726995437"
"","https://www.instagram.com/riexeus","riexeus","1726654670"
