title,href,value,timestamp,Connected On
,https://www.instagram.com/kakkiness,kakkiness,1756180735,8/26/2025
,https://www.instagram.com/iammarkbautista,iammarkbautista,1756110610,8/25/2025
,https://www.instagram.com/clintramos,clintramos,1756097427,8/25/2025
,https://www.instagram.com/teetinv,teetinv,1756087022,8/25/2025
,https://www.instagram.com/joreenbautista,joreenbautista,1756008522,8/24/2025
,https://www.instagram.com/itsjoshdelacruz,itsjoshdelacruz,1756008464,8/24/2025
,https://www.instagram.com/theatregroupasia,theatregroupasia,1755961762,8/23/2025
,https://www.instagram.com/jin.qu4tro,jin.qu4tro,1755943024,8/23/2025
,https://www.instagram.com/michirology,michirology,1755942992,8/23/2025
,https://www.instagram.com/prutice_prumote,prutice_prumote,1751728170,7/5/2025
,https://www.instagram.com/cj__0330,cj__0330,1739879075,2/18/2025
,https://www.instagram.com/cj_graphics_00,cj_graphics_00,1739852663,2/18/2025
,https://www.instagram.com/thecamizproject,thecamizproject,1739612329,2/15/2025
,https://www.instagram.com/robr_c,robr_c,1738751924,2/5/2025
,https://www.instagram.com/itismadlove,itismadlove,1736318041,1/8/2025
,https://www.instagram.com/madeleine_madden,madeleine_madden,1735849162,1/2/2025
,https://www.instagram.com/mspike,mspike,1735849091,1/2/2025
,https://www.instagram.com/danielhenney,danielhenney,1735849062,1/2/2025
,https://www.instagram.com/gublergram,gublergram,1733668513,12/8/2024
,https://www.instagram.com/pagetpagetgram,pagetpagetgram,1733668346,12/8/2024
,https://www.instagram.com/whos._venn,whos._venn,1731574405,11/14/2024
,https://www.instagram.com/kv_02v,kv_02v,1728911959,10/14/2024
,https://www.instagram.com/kaizenzv,kaizenzv,1757679334,9/12/2025
,https://www.instagram.com/rance.anday,rance.anday,1757419001,9/9/2025
,https://www.instagram.com/aezaakmee,aezaakmee,1757275760,9/7/2025
,https://www.instagram.com/thecamizproject,thecamizproject,1757236722,9/7/2025
,https://www.instagram.com/lyfissweet,lyfissweet,1757236701,9/7/2025
,https://www.instagram.com/gregeee175,gregeee175,1756656671,8/31/2025
,https://www.instagram.com/spider_lag,spider_lag,1756212350,8/26/2025
,https://www.instagram.com/__malonzo,__malonzo,1756210590,8/26/2025
,https://www.instagram.com/204_collections,204_collections,1755851950,8/22/2025
,https://www.instagram.com/joulessies_,joulessies_,1755757540,8/21/2025
,https://www.instagram.com/saisxdos,saisxdos,1755659556,8/20/2025
,https://www.instagram.com/omnomdomz,omnomdomz,1754933278,8/11/2025
,https://www.instagram.com/eroldstory,eroldstory,1754933275,8/11/2025
,https://www.instagram.com/sjrn_14,sjrn_14,1754931437,8/11/2025
,https://www.instagram.com/crada_ytor,crada_ytor,1754646894,8/8/2025
,https://www.instagram.com/peterj3rk3r,peterj3rk3r,1754560075,8/7/2025
,https://www.instagram.com/dslzr.visuals,dslzr.visuals,1754061994,8/1/2025
,https://www.instagram.com/sny.mri,sny.mri,1753985426,7/31/2025
,https://www.instagram.com/akilrnz_,akilrnz_,1753708081,7/28/2025
,https://www.instagram.com/melowdy_pads,melowdy_pads,1753356756,7/24/2025
,https://www.instagram.com/brianimanuel,brianimanuel,1752409546,7/13/2025
,https://www.instagram.com/gogregowgo,gogregowgo,1751949663,7/8/2025
,https://www.instagram.com/jomarrosas,jomarrosas,1751944500,7/8/2025
,https://www.instagram.com/kurtmartinc.soliven,kurtmartinc.soliven,1750079085,6/16/2025
,https://www.instagram.com/bakedbyashii_,bakedbyashii_,1749835218,6/13/2025
,https://www.instagram.com/ac.filmsx,ac.filmsx,1749528478,6/10/2025
,https://www.instagram.com/jc_sh4llow,jc_sh4llow,1748862971,6/2/2025
,https://www.instagram.com/unknown_botzz.jpg,unknown_botzz.jpg,1748752188,6/1/2025
,https://www.instagram.com/cfmotoofficial,cfmotoofficial,1748668271,5/31/2025
,https://www.instagram.com/dhillana,dhillana,1747913162,5/22/2025
,https://www.instagram.com/donot.deesturb,donot.deesturb,1747646560,5/19/2025
,https://www.instagram.com/bushlester,bushlester,1747232840,5/14/2025
,https://www.instagram.com/dreizhh_,dreizhh_,1747230183,5/14/2025
,https://www.instagram.com/_itszeeeel,_itszeeeel,1747103021,5/13/2025
,https://www.instagram.com/ddavmboi,ddavmboi,1747103021,5/13/2025
,https://www.instagram.com/chavicii_,chavicii_,1747100773,5/13/2025
,https://www.instagram.com/ckylscrz,ckylscrz,1747066398,5/12/2025
,https://www.instagram.com/ar.ki_el,ar.ki_el,1747066199,5/12/2025
,https://www.instagram.com/i_am_henry.azumi,i_am_henry.azumi,1747066198,5/12/2025
,https://www.instagram.com/josefrealjohn20,josefrealjohn20,1746354958,5/4/2025
,https://www.instagram.com/rou6h,rou6h,1745976737,4/30/2025
,https://www.instagram.com/siosonkylie,siosonkylie,1745935658,4/29/2025
,https://www.instagram.com/ianzzz.alc,ianzzz.alc,1745859756,4/28/2025
,https://www.instagram.com/kattampuss,kattampuss,1745859738,4/28/2025
,https://www.instagram.com/patcuvs_,patcuvs_,1745597074,4/25/2025
,https://www.instagram.com/paullppp,paullppp,1745530610,4/24/2025
,https://www.instagram.com/jaaaaaafaaaar,jaaaaaafaaaar,1745521048,4/24/2025
,https://www.instagram.com/_pablo6270,_pablo6270,1745515008,4/24/2025
,https://www.instagram.com/jonathanangeles_12,jonathanangeles_12,1744768253,4/16/2025
,https://www.instagram.com/ayvantlopez,ayvantlopez,1744458397,4/12/2025
,https://www.instagram.com/scha_tabi,scha_tabi,1744190671,4/9/2025
,https://www.instagram.com/pvgeronimo15,pvgeronimo15,1744140040,4/8/2025
,https://www.instagram.com/jarlrobelo,jarlrobelo,1744124382,4/8/2025
,https://www.instagram.com/estltn.m,estltn.m,1744124373,4/8/2025
,https://www.instagram.com/xfjhyfg,xfjhyfg,1744086088,4/8/2025
,https://www.instagram.com/aquinolexter,aquinolexter,1743784559,4/4/2025
,https://www.instagram.com/lcdmelgarejo,lcdmelgarejo,1743774892,4/4/2025
,https://www.instagram.com/plngdmp,plngdmp,1741686993,3/11/2025
,https://www.instagram.com/ch3ss_nut,ch3ss_nut,1741091491,3/4/2025
,https://www.instagram.com/p_braganza,p_braganza,1741005283,3/3/2025
,https://www.instagram.com/denzillegarde,denzillegarde,1740936018,3/2/2025
,https://www.instagram.com/ru_weyn,ru_weyn,1740917192,3/2/2025
,https://www.instagram.com/teeeetoo_,teeeetoo_,1740835399,3/1/2025
,https://www.instagram.com/rd_frnl,rd_frnl,1740607521,2/26/2025
,https://www.instagram.com/chrlmtthwpn,chrlmtthwpn,1740563322,2/26/2025
,https://www.instagram.com/jomsssantos,jomsssantos,1740563318,2/26/2025
,https://www.instagram.com/iblamefranze,iblamefranze,1740563309,2/26/2025
,https://www.instagram.com/jaqbbautista,jaqbbautista,1739873611,2/18/2025
,https://www.instagram.com/yurbaekelly,yurbaekelly,1739027929,2/8/2025
,https://www.instagram.com/pal3ng_,pal3ng_,1739023094,2/8/2025
,https://www.instagram.com/wristshooter_manila,wristshooter_manila,1738856724,2/6/2025
,https://www.instagram.com/its.zoku,its.zoku,1738834836,2/6/2025
,https://www.instagram.com/gerimiah_p,gerimiah_p,1738671070,2/4/2025
,https://www.instagram.com/ledsign_lc_,ledsign_lc_,1738014836,1/27/2025
,https://www.instagram.com/mainemercdo,mainemercdo,1737966547,1/27/2025
,https://www.instagram.com/simplehouse.design,simplehouse.design,1737720908,1/24/2025
,https://www.instagram.com/yunayuispink,yunayuispink,1736749196,1/13/2025
,https://www.instagram.com/theycallme.xera,theycallme.xera,1736150612,1/6/2025
,https://www.instagram.com/rgrgpn,rgrgpn,1736145114,1/6/2025
,https://www.instagram.com/pilenrider,pilenrider,1736096675,1/5/2025
,https://www.instagram.com/lead.js,lead.js,1736015816,1/4/2025
,https://www.instagram.com/_iantillion_,_iantillion_,1735043986,12/24/2024
,https://www.instagram.com/lo.izee,lo.izee,1733838756,12/10/2024
,https://www.instagram.com/edzone.444,edzone.444,1733830078,12/10/2024
,https://www.instagram.com/karlll_go,karlll_go,1733829719,12/10/2024
,https://www.instagram.com/nclbrrd,nclbrrd,1733734964,12/9/2024
,https://www.instagram.com/thinkaboutjc,thinkaboutjc,1733700489,12/8/2024
,https://www.instagram.com/onigiriyah,onigiriyah,1733488317,12/6/2024
,https://www.instagram.com/_jethrovesagas,_jethrovesagas,1732772784,11/28/2024
,https://www.instagram.com/parengolidan,parengolidan,1732235205,11/22/2024
,https://www.instagram.com/kyl.dmngo,kyl.dmngo,1732092441,11/20/2024
,https://www.instagram.com/lancaster_618,lancaster_618,1731574317,11/14/2024
,https://www.instagram.com/just.kylethings,just.kylethings,1731387132,11/12/2024
,https://www.instagram.com/peppaaawings__,peppaaawings__,1730789331,11/5/2024
,https://www.instagram.com/iannn_spct19,iannn_spct19,1730743829,11/4/2024
,https://www.instagram.com/j.p.t.l,j.p.t.l,1729859640,10/25/2024
,https://www.instagram.com/tubbs_yo,tubbs_yo,1729432879,10/20/2024
,https://www.instagram.com/sisngrmy,sisngrmy,1728874984,10/14/2024
,https://www.instagram.com/uijii_79,uijii_79,1728094991,10/5/2024
,https://www.instagram.com/ken.doesart,ken.doesart,1728052574,10/4/2024
,https://www.instagram.com/wonder.hao,wonder.hao,1728044330,10/4/2024
,https://www.instagram.com/rzldz_ce,rzldz_ce,1728044324,10/4/2024
,https://www.instagram.com/__al._.28,__al._.28,1728042255,10/4/2024
,https://www.instagram.com/prncss.drln,prncss.drln,1727866090,10/2/2024
,https://www.instagram.com/dusks.and.poetry,dusks.and.poetry,1727352318,9/26/2024
,https://www.instagram.com/lifeleatherbyjingmag,lifeleatherbyjingmag,1727349306,9/26/2024
,https://www.instagram.com/angelhvvn,angelhvvn,1727060934,9/23/2024
,https://www.instagram.com/tsikin_ni_joyjoy,tsikin_ni_joyjoy,1726995045,9/22/2024
,https://www.instagram.com/nix_soliveeeen,nix_soliveeeen,1726993941,9/22/2024
,https://www.instagram.com/riexeus,riexeus,1726654781,9/18/2024