Time,Search Query
2024/08/14 13:47:09 UTC,information technology specialist
2024/08/14 13:47:40 UTC,information technology specialist
2024/08/14 13:50:34 UTC,information technology specialist
2024/08/14 13:52:58 UTC,information technology specialist
2024/08/14 22:13:40 UTC,information technology specialist
2024/08/15 18:03:57 UTC,information technology specialist
2024/08/16 02:54:43 UTC,information technology specialist
2024/08/16 02:54:43 UTC,information technology specialist
2024/08/16 22:11:37 UTC,information technology specialist
2024/08/17 02:56:40 UTC,information technology specialist
2024/08/17 02:56:40 UTC,information technology specialist
2024/08/17 10:18:02 UTC,linkedin news asia
2024/08/17 10:18:03 UTC,apple
2024/08/17 10:18:03 UTC,apple
2024/08/17 10:19:55 UTC,Apple Kate Sabar, College of Arts.
2024/08/17 10:19:56 UTC,Apple Kate Sabar, College of Arts.
2024/08/17 10:20:35 UTC,apple kate sabar
2024/08/17 10:20:35 UTC,apple kate sabar
2024/08/17 10:20:40 UTC,apple kate sabar
2024/08/17 10:20:41 UTC,apple kate sabar
2024/08/17 10:38:03 UTC,Apple Kate Sabar
2024/08/17 10:38:04 UTC,Apple Kate Sabar
2024/08/18 02:17:47 UTC,information technology specialist
2024/08/18 03:01:09 UTC,information technology specialist
2024/08/18 03:01:09 UTC,information technology specialist
2024/08/19 02:57:50 UTC,information technology specialist
2024/08/19 02:57:50 UTC,information technology specialist
2024/08/19 06:18:06 UTC,information technology specialist
2024/08/20 02:55:41 UTC,information technology specialist
2024/08/20 02:55:41 UTC,information technology specialist
2024/08/20 10:25:20 UTC,information technology specialist
2024/08/21 03:07:54 UTC,information technology specialist
2024/08/21 03:07:54 UTC,information technology specialist
2024/08/21 14:35:04 UTC,information technology specialist
2024/08/22 02:45:50 UTC,information technology specialist
2024/08/22 02:45:50 UTC,information technology specialist
2024/08/22 18:54:11 UTC,information technology specialist
2024/08/23 02:52:44 UTC,information technology specialist
2024/08/23 02:52:44 UTC,information technology specialist
2024/08/23 23:05:58 UTC,information technology specialist
2024/08/24 02:46:48 UTC,information technology specialist
2024/08/24 02:46:48 UTC,information technology specialist
2024/08/25 02:50:59 UTC,information technology specialist
2024/08/25 02:50:59 UTC,information technology specialist
2024/08/25 03:15:46 UTC,information technology specialist
2024/08/26 02:41:18 UTC,information technology specialist
2024/08/26 02:41:18 UTC,information technology specialist
2024/08/26 07:28:14 UTC,information technology specialist
2024/08/27 03:09:18 UTC,information technology specialist
2024/08/27 03:09:18 UTC,information technology specialist
2024/08/27 11:41:38 UTC,information technology specialist
2024/08/28 02:53:42 UTC,information technology specialist
2024/08/28 02:53:42 UTC,information technology specialist
2024/08/28 15:59:02 UTC,information technology specialist
2024/08/29 02:48:33 UTC,information technology specialist
2024/08/29 02:48:33 UTC,information technology specialist
2024/08/29 20:14:36 UTC,information technology specialist
2024/08/30 02:55:09 UTC,information technology specialist
2024/08/30 02:55:09 UTC,information technology specialist
2024/08/31 00:37:24 UTC,information technology specialist
2024/08/31 02:49:22 UTC,information technology specialist
2024/08/31 02:49:22 UTC,information technology specialist
2024/09/01 03:10:06 UTC,information technology specialist
2024/09/01 03:10:06 UTC,information technology specialist
2024/09/01 04:57:12 UTC,information technology specialist
2024/09/02 03:08:23 UTC,information technology specialist
2024/09/02 03:08:23 UTC,information technology specialist
2024/09/02 09:20:14 UTC,information technology specialist
2024/09/03 03:02:29 UTC,information technology specialist
2024/09/03 03:02:29 UTC,information technology specialist
2024/09/03 13:59:17 UTC,information technology specialist
2024/09/04 02:51:22 UTC,information technology specialist
2024/09/04 02:51:22 UTC,information technology specialist
2024/09/04 18:37:24 UTC,information technology specialist
2024/09/05 02:39:41 UTC,information technology specialist
2024/09/05 02:39:41 UTC,information technology specialist
2024/09/05 23:17:02 UTC,information technology specialist
2024/09/06 03:00:47 UTC,information technology specialist
2024/09/06 03:00:47 UTC,information technology specialist
2024/09/07 02:58:04 UTC,information technology specialist
2024/09/07 02:58:04 UTC,information technology specialist
2024/09/07 03:19:07 UTC,information technology specialist
2024/09/08 03:00:20 UTC,information technology specialist
2024/09/08 03:00:20 UTC,information technology specialist
2024/09/08 07:23:27 UTC,information technology specialist
2024/09/09 02:54:08 UTC,information technology specialist
2024/09/09 02:54:08 UTC,information technology specialist
2024/09/09 11:17:38 UTC,information technology specialist
2024/09/10 02:52:04 UTC,information technology specialist
2024/09/10 02:52:04 UTC,information technology specialist
2024/09/10 15:12:55 UTC,information technology specialist
2024/09/11 03:10:13 UTC,information technology specialist
2024/09/11 03:10:13 UTC,information technology specialist
2024/09/11 19:10:06 UTC,information technology specialist
2024/09/12 03:01:04 UTC,information technology specialist
2024/09/12 03:01:04 UTC,information technology specialist
2024/09/12 23:26:08 UTC,information technology specialist
2024/09/13 02:53:36 UTC,information technology specialist
2024/09/13 02:53:36 UTC,information technology specialist
2024/09/14 03:04:56 UTC,information technology specialist
2024/09/14 03:04:56 UTC,information technology specialist
2024/09/14 03:25:56 UTC,information technology specialist
2024/09/15 02:48:51 UTC,information technology specialist
2024/09/15 02:48:51 UTC,information technology specialist
2024/09/15 07:27:51 UTC,information technology specialist
2024/09/16 02:41:48 UTC,information technology specialist
2024/09/16 02:41:48 UTC,information technology specialist
2024/09/16 11:31:13 UTC,information technology specialist
2024/09/17 02:43:16 UTC,information technology specialist
2024/09/17 02:43:16 UTC,information technology specialist
2024/09/17 15:54:32 UTC,information technology specialist
2024/09/18 03:18:43 UTC,information technology specialist
2024/09/18 03:18:43 UTC,information technology specialist
2024/09/18 20:00:45 UTC,information technology specialist
2024/09/19 02:38:26 UTC,information technology specialist
2024/09/19 02:38:26 UTC,information technology specialist
2024/09/20 00:11:01 UTC,information technology specialist
2024/09/20 03:04:33 UTC,information technology specialist
2024/09/20 03:04:33 UTC,information technology specialist
2024/09/21 02:58:41 UTC,information technology specialist
2024/09/21 02:58:41 UTC,information technology specialist
2024/09/21 04:20:05 UTC,information technology specialist
2024/09/22 02:41:44 UTC,information technology specialist
2024/09/22 02:41:44 UTC,information technology specialist
2024/09/22 08:33:05 UTC,information technology specialist
2024/09/23 03:03:32 UTC,information technology specialist
2024/09/23 03:03:32 UTC,information technology specialist
2024/09/23 12:44:33 UTC,information technology specialist
2024/09/24 02:55:50 UTC,information technology specialist
2024/09/24 02:55:50 UTC,information technology specialist
2024/09/24 16:59:57 UTC,information technology specialist
2024/09/25 02:47:42 UTC,information technology specialist
2024/09/25 02:47:42 UTC,information technology specialist
2024/09/25 20:48:38 UTC,information technology specialist
2024/09/26 03:14:48 UTC,information technology specialist
2024/09/26 03:14:48 UTC,information technology specialist
2024/09/27 00:17:52 UTC,information technology specialist
2024/09/27 02:49:43 UTC,information technology specialist
2024/09/27 02:49:43 UTC,information technology specialist
2024/09/28 03:00:10 UTC,information technology specialist
2024/09/28 03:00:10 UTC,information technology specialist
2024/09/28 03:47:14 UTC,information technology specialist
2024/09/29 02:56:52 UTC,information technology specialist
2024/09/29 02:56:52 UTC,information technology specialist
2024/09/29 07:17:27 UTC,information technology specialist
2024/09/30 02:51:40 UTC,information technology specialist
2024/09/30 02:51:40 UTC,information technology specialist
2024/09/30 10:49:37 UTC,information technology specialist
2024/10/01 02:53:00 UTC,information technology specialist
2024/10/01 02:53:00 UTC,information technology specialist
2024/10/01 14:23:28 UTC,information technology specialist
2024/10/02 02:41:05 UTC,information technology specialist
2024/10/02 02:41:05 UTC,information technology specialist
2024/10/02 17:57:41 UTC,information technology specialist
2024/10/03 02:41:33 UTC,information technology specialist
2024/10/03 02:41:33 UTC,information technology specialist
2024/10/03 21:33:49 UTC,information technology specialist
2024/10/04 02:50:52 UTC,information technology specialist
2024/10/04 02:50:52 UTC,information technology specialist
2024/10/05 01:08:46 UTC,information technology specialist
2024/10/05 02:50:57 UTC,information technology specialist
2024/10/05 02:50:57 UTC,information technology specialist
2024/10/06 02:47:24 UTC,information technology specialist
2024/10/06 02:47:24 UTC,information technology specialist
2024/10/06 04:46:17 UTC,information technology specialist
2024/10/07 02:48:37 UTC,information technology specialist
2024/10/07 02:48:37 UTC,information technology specialist
2024/10/07 08:25:25 UTC,information technology specialist
2024/10/08 02:52:22 UTC,information technology specialist
2024/10/08 02:52:22 UTC,information technology specialist
2024/10/08 12:02:57 UTC,information technology specialist
2024/10/09 02:55:48 UTC,information technology specialist
2024/10/09 02:55:48 UTC,information technology specialist
2024/10/09 15:41:47 UTC,information technology specialist
2024/10/10 02:56:05 UTC,information technology specialist
2024/10/10 02:56:05 UTC,information technology specialist
2024/10/10 19:37:00 UTC,information technology specialist
2024/10/11 02:37:59 UTC,information technology specialist
2024/10/11 02:37:59 UTC,information technology specialist
2024/10/11 23:20:28 UTC,information technology specialist
2024/10/12 02:41:02 UTC,information technology specialist
2024/10/12 02:41:02 UTC,information technology specialist
2024/10/13 02:44:57 UTC,information technology specialist
2024/10/13 02:44:57 UTC,information technology specialist
2024/10/13 03:04:45 UTC,information technology specialist
2024/10/14 02:38:03 UTC,information technology specialist
2024/10/14 02:38:03 UTC,information technology specialist
2024/10/14 06:51:19 UTC,information technology specialist
2024/10/15 03:12:40 UTC,information technology specialist
2024/10/15 03:12:40 UTC,information technology specialist
2024/10/15 10:35:57 UTC,information technology specialist
2024/10/16 02:45:20 UTC,information technology specialist
2024/10/16 02:45:20 UTC,information technology specialist
2024/10/16 14:24:28 UTC,information technology specialist
2024/10/17 02:57:25 UTC,information technology specialist
2024/10/17 02:57:25 UTC,information technology specialist
2024/10/17 18:13:11 UTC,information technology specialist
2024/10/18 02:39:32 UTC,information technology specialist
2024/10/18 02:39:32 UTC,information technology specialist
2024/10/18 22:02:29 UTC,information technology specialist
2024/10/19 02:47:59 UTC,information technology specialist
2024/10/19 02:47:59 UTC,information technology specialist
2024/10/20 01:51:12 UTC,information technology specialist
2024/10/20 02:48:43 UTC,information technology specialist
2024/10/20 02:48:43 UTC,information technology specialist
2024/10/21 02:46:21 UTC,information technology specialist
2024/10/21 02:46:21 UTC,information technology specialist
2024/10/21 05:40:17 UTC,information technology specialist
2024/10/22 02:41:07 UTC,information technology specialist
2024/10/22 02:41:07 UTC,information technology specialist
2024/10/22 09:32:15 UTC,information technology specialist
2024/10/23 02:50:52 UTC,information technology specialist
2024/10/23 02:50:52 UTC,information technology specialist
2024/10/23 13:22:25 UTC,information technology specialist
2024/10/24 02:45:26 UTC,information technology specialist
2024/10/24 02:45:26 UTC,information technology specialist
2024/10/24 17:14:07 UTC,information technology specialist
2024/10/25 02:51:55 UTC,information technology specialist
2024/10/25 02:51:55 UTC,information technology specialist
2024/10/25 21:09:13 UTC,information technology specialist
2024/10/26 02:46:30 UTC,information technology specialist
2024/10/26 02:46:30 UTC,information technology specialist
2024/10/27 01:03:18 UTC,information technology specialist
2024/10/27 02:46:17 UTC,information technology specialist
2024/10/27 02:46:17 UTC,information technology specialist
2024/10/28 03:02:34 UTC,information technology specialist
2024/10/28 03:02:34 UTC,information technology specialist
2024/10/28 04:58:05 UTC,information technology specialist
2024/10/29 02:54:48 UTC,information technology specialist
2024/10/29 02:54:48 UTC,information technology specialist
2024/10/29 08:57:35 UTC,information technology specialist
2024/10/30 02:53:56 UTC,information technology specialist
2024/10/30 02:53:56 UTC,information technology specialist
2024/10/30 12:58:05 UTC,information technology specialist
2024/10/31 02:58:06 UTC,information technology specialist
2024/10/31 02:58:06 UTC,information technology specialist
2024/10/31 17:01:39 UTC,information technology specialist
2024/11/01 02:49:48 UTC,information technology specialist
2024/11/01 02:49:48 UTC,information technology specialist
2024/11/01 21:02:00 UTC,information technology specialist
2024/11/02 02:46:07 UTC,information technology specialist
2024/11/02 02:46:07 UTC,information technology specialist
2024/11/03 01:04:44 UTC,information technology specialist
2024/11/03 02:41:56 UTC,information technology specialist
2024/11/03 02:41:56 UTC,information technology specialist
2024/11/04 02:47:14 UTC,information technology specialist
2024/11/04 02:47:14 UTC,information technology specialist
2024/11/04 05:07:53 UTC,information technology specialist
2024/11/05 03:08:16 UTC,information technology specialist
2024/11/05 03:08:16 UTC,information technology specialist
2024/11/05 09:10:36 UTC,information technology specialist
2024/11/06 02:41:36 UTC,information technology specialist
2024/11/06 02:41:36 UTC,information technology specialist
2024/11/06 13:17:05 UTC,information technology specialist
2024/11/07 02:44:10 UTC,information technology specialist
2024/11/07 02:44:10 UTC,information technology specialist
2024/11/07 17:22:51 UTC,information technology specialist
2024/11/08 02:42:06 UTC,information technology specialist
2024/11/08 02:42:06 UTC,information technology specialist
2024/11/08 21:56:38 UTC,information technology specialist
2024/11/09 02:40:10 UTC,information technology specialist
2024/11/09 02:40:10 UTC,information technology specialist
2024/11/10 02:05:33 UTC,information technology specialist
2024/11/10 02:45:34 UTC,information technology specialist
2024/11/10 02:45:34 UTC,information technology specialist
2024/11/11 02:50:43 UTC,information technology specialist
2024/11/11 02:50:43 UTC,information technology specialist
2024/11/11 06:14:38 UTC,information technology specialist
2024/11/12 02:53:06 UTC,information technology specialist
2024/11/12 02:53:06 UTC,information technology specialist
2024/11/12 10:26:20 UTC,information technology specialist
2024/11/13 02:48:05 UTC,information technology specialist
2024/11/13 02:48:05 UTC,information technology specialist
2024/11/13 14:55:32 UTC,information technology specialist
2024/11/14 02:51:01 UTC,information technology specialist
2024/11/14 02:51:01 UTC,information technology specialist
2024/11/14 20:15:01 UTC,information technology specialist
2024/11/15 02:49:42 UTC,information technology specialist
2024/11/15 02:49:42 UTC,information technology specialist
2024/11/16 00:30:05 UTC,information technology specialist
2024/11/16 03:02:10 UTC,information technology specialist
2024/11/16 03:02:10 UTC,information technology specialist
2024/11/17 02:45:41 UTC,information technology specialist
2024/11/17 02:45:41 UTC,information technology specialist
2024/11/17 02:51:38 UTC,information technology specialist
2024/11/18 02:54:53 UTC,information technology specialist
2024/11/18 02:54:53 UTC,information technology specialist
2024/11/18 05:18:33 UTC,information technology specialist
2024/11/19 02:48:52 UTC,information technology specialist
2024/11/19 02:48:52 UTC,information technology specialist
2024/11/19 07:38:56 UTC,information technology specialist
2024/11/20 02:52:43 UTC,information technology specialist
2024/11/20 02:52:43 UTC,information technology specialist
2024/11/20 10:03:33 UTC,information technology specialist
2024/11/21 02:47:23 UTC,information technology specialist
2024/11/21 02:47:23 UTC,information technology specialist
2024/11/21 12:25:38 UTC,information technology specialist
2024/11/22 02:52:33 UTC,information technology specialist
2024/11/22 02:52:33 UTC,information technology specialist
2024/11/22 14:52:26 UTC,information technology specialist
2024/11/23 02:45:50 UTC,information technology specialist
2024/11/23 02:45:50 UTC,information technology specialist
2024/11/23 17:15:05 UTC,information technology specialist
2024/11/24 02:42:15 UTC,information technology specialist
2024/11/24 02:42:15 UTC,information technology specialist
2024/11/24 19:36:58 UTC,information technology specialist
2024/11/25 02:47:15 UTC,information technology specialist
2024/11/25 02:47:15 UTC,information technology specialist
2024/11/25 22:02:32 UTC,information technology specialist
2024/11/26 02:44:08 UTC,information technology specialist
2024/11/26 02:44:08 UTC,information technology specialist
2024/11/27 00:24:15 UTC,information technology specialist
2024/11/27 03:01:45 UTC,information technology specialist
2024/11/27 03:01:45 UTC,information technology specialist
2024/11/28 02:44:40 UTC,information technology specialist
2024/11/28 02:44:40 UTC,information technology specialist
2024/11/28 02:48:53 UTC,information technology specialist
2024/11/29 02:42:51 UTC,information technology specialist
2024/11/29 02:42:51 UTC,information technology specialist
2024/11/29 05:11:06 UTC,information technology specialist
2024/11/30 02:42:36 UTC,information technology specialist
2024/11/30 02:42:36 UTC,information technology specialist
2024/11/30 07:31:35 UTC,information technology specialist
2024/12/01 02:45:59 UTC,information technology specialist
2024/12/01 02:45:59 UTC,information technology specialist
2024/12/01 09:48:45 UTC,information technology specialist
2024/12/02 02:42:19 UTC,information technology specialist
2024/12/02 02:42:19 UTC,information technology specialist
2024/12/02 02:42:19 UTC,information technology specialist
2024/12/02 02:42:19 UTC,information technology specialist
2024/12/02 12:07:18 UTC,information technology specialist
2024/12/03 02:45:22 UTC,information technology specialist
2024/12/03 02:45:22 UTC,information technology specialist
2024/12/03 14:25:01 UTC,information technology specialist
2024/12/04 02:43:54 UTC,information technology specialist
2024/12/04 02:43:54 UTC,information technology specialist
2024/12/04 16:44:08 UTC,information technology specialist
2024/12/05 02:39:12 UTC,information technology specialist
2024/12/05 02:39:13 UTC,information technology specialist
2024/12/05 19:23:54 UTC,information technology specialist
2024/12/06 02:43:03 UTC,information technology specialist
2024/12/06 02:43:03 UTC,information technology specialist
2024/12/06 21:43:12 UTC,information technology specialist
2024/12/07 02:42:29 UTC,information technology specialist
2024/12/07 02:42:29 UTC,information technology specialist
2024/12/08 00:02:45 UTC,information technology specialist
2024/12/08 02:49:51 UTC,information technology specialist
2024/12/08 02:49:51 UTC,information technology specialist
2024/12/09 02:25:05 UTC,information technology specialist
2024/12/09 02:50:27 UTC,information technology specialist
2024/12/09 02:50:27 UTC,information technology specialist
2024/12/10 02:43:20 UTC,information technology specialist
2024/12/10 02:43:20 UTC,information technology specialist
2024/12/10 04:47:13 UTC,information technology specialist
2024/12/11 02:47:28 UTC,information technology specialist
2024/12/11 02:47:28 UTC,information technology specialist
2024/12/11 07:04:59 UTC,information technology specialist
2024/12/12 02:47:39 UTC,information technology specialist
2024/12/12 02:47:39 UTC,information technology specialist
2024/12/12 09:25:29 UTC,information technology specialist
2024/12/13 02:47:08 UTC,information technology specialist
2024/12/13 02:47:08 UTC,information technology specialist
2024/12/13 11:45:43 UTC,information technology specialist
2024/12/14 02:50:12 UTC,information technology specialist
2024/12/14 02:50:12 UTC,information technology specialist
2024/12/14 14:03:55 UTC,information technology specialist
2024/12/15 02:50:05 UTC,information technology specialist
2024/12/15 02:50:05 UTC,information technology specialist
2024/12/15 16:21:33 UTC,information technology specialist
2024/12/16 02:47:51 UTC,information technology specialist
2024/12/16 02:47:51 UTC,information technology specialist
2024/12/16 18:40:09 UTC,information technology specialist
2024/12/17 03:07:21 UTC,information technology specialist
2024/12/17 20:57:15 UTC,information technology specialist
2024/12/18 03:11:58 UTC,information technology specialist
2024/12/18 23:16:10 UTC,information technology specialist
2024/12/19 03:17:24 UTC,information technology specialist
2024/12/20 01:35:39 UTC,information technology specialist
2024/12/20 03:17:00 UTC,information technology specialist
2024/12/20 03:24:25 UTC,information technology specialist
2024/12/21 03:20:21 UTC,information technology specialist
2024/12/21 03:56:12 UTC,information technology specialist
2024/12/22 03:15:21 UTC,information technology specialist
2024/12/22 03:19:08 UTC,information technology specialist
2024/12/22 06:16:04 UTC,information technology specialist
2024/12/23 03:17:20 UTC,information technology specialist
2024/12/23 03:23:25 UTC,information technology specialist
2024/12/23 08:31:03 UTC,information technology specialist
2024/12/24 03:13:33 UTC,information technology specialist
2024/12/24 10:46:13 UTC,information technology specialist
2024/12/25 03:10:26 UTC,information technology specialist
2024/12/25 03:37:56 UTC,information technology specialist
2024/12/25 12:58:02 UTC,information technology specialist
2024/12/26 03:10:57 UTC,information technology specialist
2024/12/26 03:20:28 UTC,information technology specialist
2024/12/26 15:09:50 UTC,information technology specialist
2024/12/27 03:24:05 UTC,information technology specialist
2024/12/27 17:20:45 UTC,information technology specialist
2024/12/28 03:08:13 UTC,information technology specialist
2024/12/28 03:26:10 UTC,information technology specialist
2024/12/28 19:29:11 UTC,information technology specialist
2024/12/29 03:13:21 UTC,information technology specialist
2024/12/29 03:13:36 UTC,information technology specialist
2024/12/29 21:41:45 UTC,information technology specialist
2024/12/30 03:17:28 UTC,information technology specialist
2024/12/30 03:21:44 UTC,information technology specialist
2024/12/30 23:50:42 UTC,information technology specialist
2024/12/31 03:17:46 UTC,information technology specialist
2024/12/31 03:17:46 UTC,information technology specialist
2024/12/31 03:20:46 UTC,information technology specialist
2024/12/31 03:20:46 UTC,information technology specialist
2025/01/01 02:01:04 UTC,information technology specialist
2025/01/01 03:19:19 UTC,information technology specialist
2025/01/01 03:19:19 UTC,information technology specialist
2025/01/01 03:22:41 UTC,information technology specialist
2025/01/01 03:22:41 UTC,information technology specialist
2025/01/02 03:09:43 UTC,information technology specialist
2025/01/02 03:09:43 UTC,information technology specialist
2025/01/02 04:09:03 UTC,information technology specialist
2025/01/03 03:10:13 UTC,information technology specialist
2025/01/03 06:19:01 UTC,information technology specialist
2025/01/04 03:17:20 UTC,information technology specialist
2025/01/04 03:23:57 UTC,information technology specialist
2025/01/04 08:25:23 UTC,information technology specialist
2025/01/05 03:17:15 UTC,information technology specialist
2025/01/05 10:42:50 UTC,information technology specialist
2025/01/06 03:11:37 UTC,information technology specialist
2025/01/06 12:51:38 UTC,information technology specialist
2025/01/07 03:18:56 UTC,information technology specialist
2025/01/07 15:01:34 UTC,information technology specialist
2025/01/08 03:29:45 UTC,information technology specialist
2025/01/08 03:32:01 UTC,information technology specialist
2025/01/08 17:11:31 UTC,information technology specialist
2025/01/09 03:18:17 UTC,information technology specialist
2025/01/09 03:30:04 UTC,information technology specialist
2025/01/09 19:33:55 UTC,information technology specialist
2025/01/10 03:19:02 UTC,information technology specialist
2025/01/10 03:38:34 UTC,information technology specialist
2025/01/10 21:49:14 UTC,information technology specialist
2025/01/11 03:13:01 UTC,information technology specialist
2025/01/12 00:00:55 UTC,information technology specialist
2025/01/12 03:14:47 UTC,information technology specialist
2025/01/12 03:17:58 UTC,information technology specialist
2025/01/13 02:14:14 UTC,information technology specialist
2025/01/13 03:11:10 UTC,information technology specialist
2025/01/13 03:11:56 UTC,information technology specialist
2025/01/14 03:17:08 UTC,information technology specialist
2025/01/14 04:26:55 UTC,information technology specialist
2025/01/15 03:25:44 UTC,information technology specialist
2025/01/15 06:48:37 UTC,information technology specialist
2025/01/16 03:22:37 UTC,information technology specialist
2025/01/16 09:05:09 UTC,information technology specialist
2025/01/17 03:27:10 UTC,information technology specialist
2025/01/17 11:21:49 UTC,information technology specialist
2025/01/18 03:14:22 UTC,information technology specialist
2025/01/18 03:16:31 UTC,information technology specialist
2025/01/18 13:37:19 UTC,information technology specialist
2025/01/19 03:10:40 UTC,information technology specialist
2025/01/19 03:16:35 UTC,information technology specialist
2025/01/19 15:49:59 UTC,information technology specialist
2025/01/20 03:24:26 UTC,information technology specialist
2025/01/20 03:28:40 UTC,information technology specialist
2025/01/20 18:02:57 UTC,information technology specialist
2025/01/21 03:25:01 UTC,information technology specialist
2025/01/21 20:18:08 UTC,information technology specialist
2025/01/22 03:27:59 UTC,information technology specialist
2025/01/22 22:31:49 UTC,information technology specialist
2025/01/23 03:47:26 UTC,information technology specialist
2025/01/24 00:45:30 UTC,information technology specialist
2025/01/24 03:22:58 UTC,information technology specialist
2025/01/25 02:59:55 UTC,information technology specialist
2025/01/25 03:10:59 UTC,information technology specialist
2025/01/26 03:14:14 UTC,information technology specialist
2025/01/26 03:19:26 UTC,information technology specialist
2025/01/26 05:15:39 UTC,information technology specialist
2025/01/27 03:18:18 UTC,information technology specialist
2025/01/27 07:33:32 UTC,information technology specialist
2025/01/28 03:20:47 UTC,information technology specialist
2025/01/28 09:48:26 UTC,information technology specialist
2025/01/29 03:28:59 UTC,information technology specialist
2025/01/29 12:08:06 UTC,information technology specialist
2025/01/30 03:25:15 UTC,information technology specialist
2025/01/30 14:27:50 UTC,information technology specialist
2025/01/31 03:32:26 UTC,information technology specialist
2025/01/31 16:45:41 UTC,information technology specialist
2025/02/01 03:11:28 UTC,information technology specialist
2025/02/01 19:05:03 UTC,information technology specialist
2025/02/02 03:15:39 UTC,information technology specialist
2025/02/02 21:22:27 UTC,information technology specialist
2025/02/03 03:12:12 UTC,information technology specialist
2025/02/03 23:41:38 UTC,information technology specialist
2025/02/04 03:34:23 UTC,information technology specialist
2025/02/05 02:10:38 UTC,information technology specialist
2025/02/05 03:27:47 UTC,information technology specialist
2025/02/06 03:23:51 UTC,information technology specialist
2025/02/06 04:32:59 UTC,information technology specialist
2025/02/07 03:29:49 UTC,information technology specialist
2025/02/07 06:55:50 UTC,information technology specialist
2025/02/08 03:08:18 UTC,information technology specialist
2025/02/08 09:19:08 UTC,information technology specialist
2025/02/09 03:16:49 UTC,information technology specialist
2025/02/09 11:40:47 UTC,information technology specialist
2025/02/10 03:23:32 UTC,information technology specialist
2025/02/10 14:08:06 UTC,information technology specialist
2025/02/11 03:12:40 UTC,information technology specialist
2025/02/11 16:32:26 UTC,information technology specialist
2025/02/12 03:35:06 UTC,information technology specialist
2025/02/12 08:51:40 UTC,information technology specialist
2025/02/12 19:00:53 UTC,information technology specialist
2025/02/13 03:16:11 UTC,information technology specialist
2025/02/13 21:29:48 UTC,information technology specialist
2025/02/14 03:15:45 UTC,information technology specialist
2025/02/14 23:57:57 UTC,information technology specialist
2025/02/15 03:16:57 UTC,information technology specialist
2025/02/16 02:22:40 UTC,information technology specialist
2025/02/16 03:23:36 UTC,information technology specialist
2025/02/17 03:08:13 UTC,information technology specialist
2025/02/17 04:47:01 UTC,information technology specialist
2025/02/18 03:10:26 UTC,information technology specialist
2025/02/18 07:15:51 UTC,information technology specialist
2025/02/19 03:21:02 UTC,information technology specialist
2025/02/19 09:44:58 UTC,information technology specialist
2025/02/20 03:16:44 UTC,information technology specialist
2025/02/20 12:14:34 UTC,information technology specialist
2025/02/21 03:15:19 UTC,information technology specialist
2025/02/21 14:43:13 UTC,information technology specialist
2025/02/22 03:15:22 UTC,information technology specialist
2025/02/22 17:09:35 UTC,information technology specialist
2025/02/23 03:14:52 UTC,information technology specialist
2025/02/23 04:01:48 UTC,Technology Specialist
2025/02/23 19:39:34 UTC,information technology specialist
2025/02/24 03:58:25 UTC,information technology specialist
2025/02/24 22:07:59 UTC,information technology specialist
2025/02/25 03:25:24 UTC,information technology specialist
2025/02/26 00:39:10 UTC,information technology specialist
2025/02/26 03:27:06 UTC,information technology specialist
2025/02/27 03:10:40 UTC,information technology specialist
2025/02/27 03:20:06 UTC,information technology specialist
2025/02/28 03:16:45 UTC,information technology specialist
2025/02/28 05:38:57 UTC,information technology specialist
2025/03/01 03:36:11 UTC,information technology specialist
2025/03/01 08:22:56 UTC,information technology specialist
2025/03/02 03:13:37 UTC,information technology specialist
2025/03/02 10:50:03 UTC,information technology specialist
2025/03/03 03:13:58 UTC,information technology specialist
2025/03/03 04:01:48 UTC,Asset Coordinator
2025/03/03 13:21:27 UTC,information technology specialist
2025/03/04 03:25:15 UTC,information technology specialist
2025/03/04 15:52:31 UTC,information technology specialist
2025/03/05 03:34:02 UTC,information technology specialist
2025/03/05 18:21:08 UTC,information technology specialist
2025/03/06 03:09:31 UTC,information technology specialist
2025/03/06 20:52:30 UTC,information technology specialist
2025/03/07 03:35:20 UTC,information technology specialist
2025/03/07 23:24:57 UTC,information technology specialist
2025/03/08 03:11:54 UTC,information technology specialist
2025/03/09 01:53:29 UTC,information technology specialist
2025/03/09 03:13:57 UTC,information technology specialist
2025/03/10 03:18:08 UTC,information technology specialist
2025/03/10 04:38:45 UTC,information technology specialist
2025/03/11 03:15:17 UTC,information technology specialist
2025/03/11 07:08:43 UTC,information technology specialist
2025/03/12 03:15:48 UTC,information technology specialist
2025/03/12 09:46:10 UTC,information technology specialist
2025/03/13 03:09:32 UTC,information technology specialist
2025/03/13 12:18:40 UTC,information technology specialist
2025/03/14 03:18:20 UTC,information technology specialist
2025/03/14 14:50:27 UTC,information technology specialist
2025/03/15 03:11:25 UTC,information technology specialist
2025/03/15 17:22:55 UTC,information technology specialist
2025/03/16 03:11:25 UTC,information technology specialist
2025/03/16 19:57:59 UTC,information technology specialist
2025/03/17 03:16:09 UTC,information technology specialist
2025/03/17 22:28:11 UTC,information technology specialist
2025/03/18 03:10:33 UTC,information technology specialist
2025/03/19 01:03:41 UTC,information technology specialist
2025/03/19 03:14:33 UTC,information technology specialist
2025/03/20 03:24:21 UTC,information technology specialist
2025/03/20 03:41:34 UTC,information technology specialist
2025/03/21 03:18:16 UTC,information technology specialist
2025/03/21 06:15:51 UTC,information technology specialist
2025/03/22 03:10:58 UTC,information technology specialist
2025/03/22 08:46:58 UTC,information technology specialist
2025/03/23 03:18:31 UTC,information technology specialist
2025/03/23 11:20:30 UTC,information technology specialist
2025/03/24 03:22:15 UTC,information technology specialist
2025/03/24 14:10:58 UTC,information technology specialist
2025/03/25 03:28:48 UTC,information technology specialist
2025/03/25 16:47:17 UTC,information technology specialist
2025/03/26 03:20:02 UTC,information technology specialist
2025/03/26 19:24:11 UTC,information technology specialist
2025/03/27 03:11:09 UTC,information technology specialist
2025/03/27 22:01:08 UTC,information technology specialist
2025/03/28 03:16:22 UTC,information technology specialist
2025/03/29 00:43:46 UTC,information technology specialist
2025/03/29 03:08:40 UTC,information technology specialist
2025/03/30 03:24:24 UTC,information technology specialist
2025/03/30 03:24:59 UTC,information technology specialist
2025/03/31 03:10:12 UTC,information technology specialist
2025/03/31 06:01:34 UTC,information technology specialist
2025/04/01 03:17:01 UTC,information technology specialist
2025/04/01 08:44:48 UTC,information technology specialist
2025/04/02 03:10:04 UTC,information technology specialist
2025/04/02 11:26:19 UTC,information technology specialist
2025/04/03 03:08:08 UTC,information technology specialist
2025/04/03 14:21:02 UTC,information technology specialist
2025/04/04 03:11:20 UTC,information technology specialist
2025/04/04 17:08:49 UTC,information technology specialist
2025/04/05 03:17:18 UTC,information technology specialist
2025/04/05 19:49:32 UTC,information technology specialist
2025/04/06 03:27:35 UTC,information technology specialist
2025/04/06 22:27:59 UTC,information technology specialist
2025/04/07 03:09:10 UTC,information technology specialist
2025/04/08 01:06:07 UTC,information technology specialist
2025/04/08 03:10:17 UTC,information technology specialist
2025/04/09 03:14:49 UTC,information technology specialist
2025/04/09 03:57:15 UTC,information technology specialist
2025/04/10 03:15:40 UTC,information technology specialist
2025/04/10 06:40:37 UTC,information technology specialist
2025/04/11 03:15:08 UTC,information technology specialist
2025/04/11 09:17:41 UTC,information technology specialist
2025/04/12 03:11:10 UTC,information technology specialist
2025/04/12 11:59:46 UTC,information technology specialist
2025/04/13 03:18:33 UTC,information technology specialist
2025/04/13 14:49:36 UTC,information technology specialist
2025/04/14 03:11:17 UTC,information technology specialist
2025/04/14 17:25:51 UTC,information technology specialist
2025/04/15 03:08:59 UTC,information technology specialist
2025/04/15 20:04:47 UTC,information technology specialist
2025/04/16 03:20:12 UTC,information technology specialist
2025/04/16 22:45:54 UTC,information technology specialist
2025/04/17 03:17:47 UTC,information technology specialist
2025/04/18 01:26:25 UTC,information technology specialist
2025/04/18 03:14:19 UTC,information technology specialist
2025/04/19 03:15:52 UTC,information technology specialist
2025/04/19 04:07:59 UTC,information technology specialist
2025/04/20 03:13:10 UTC,information technology specialist
2025/04/20 03:22:55 UTC,information technology specialist
2025/04/20 06:47:06 UTC,information technology specialist
2025/04/21 03:16:17 UTC,information technology specialist
2025/04/21 09:25:51 UTC,information technology specialist
2025/04/22 03:11:15 UTC,information technology specialist
2025/04/22 12:05:06 UTC,information technology specialist
2025/04/23 03:41:38 UTC,information technology specialist
2025/04/23 14:51:57 UTC,information technology specialist
2025/04/24 03:14:32 UTC,information technology specialist
2025/04/24 17:30:44 UTC,information technology specialist
2025/04/25 13:34:17 UTC,information technology specialist
2025/04/25 20:10:35 UTC,information technology specialist
2025/04/26 03:08:53 UTC,information technology specialist
2025/04/26 22:50:44 UTC,information technology specialist
2025/04/27 03:17:19 UTC,information technology specialist
2025/04/28 01:30:12 UTC,information technology specialist
2025/04/28 03:22:55 UTC,information technology specialist
2025/04/29 03:15:42 UTC,information technology specialist
2025/04/29 04:11:28 UTC,information technology specialist
2025/04/30 03:07:46 UTC,information technology specialist
2025/04/30 06:51:48 UTC,information technology specialist
2025/05/01 03:27:27 UTC,information technology specialist
2025/05/01 09:29:58 UTC,information technology specialist
2025/05/02 03:20:29 UTC,information technology specialist
2025/05/02 12:07:18 UTC,information technology specialist
2025/05/02 15:23:40 UTC,information technology specialist
2025/05/03 14:45:57 UTC,information technology specialist
2025/05/03 15:31:57 UTC,information technology specialist
2025/05/04 15:20:35 UTC,information technology specialist
2025/05/04 17:23:22 UTC,information technology specialist
2025/05/05 15:35:58 UTC,information technology specialist
2025/05/05 20:01:12 UTC,information technology specialist
2025/05/06 15:42:25 UTC,information technology specialist
2025/05/06 22:51:43 UTC,information technology specialist
2025/05/07 15:37:28 UTC,information technology specialist
2025/05/08 02:04:28 UTC,information technology specialist
2025/05/08 15:18:26 UTC,information technology specialist
2025/05/09 03:23:19 UTC,information technology specialist
2025/05/09 05:19:54 UTC,information technology specialist
2025/05/09 15:33:55 UTC,information technology specialist
2025/05/10 08:06:43 UTC,information technology specialist
2025/05/10 15:25:48 UTC,information technology specialist
